"id_curso";"nome";"id_coordenador";"coordenador";"situacao_curso";"nivel_ensino";"grau_academico";"modalidade_educacao";"area_conhecimento";"tipo_oferta";"municipio";"campus";"id_unidade_responsavel";"programa";"website";"portaria";"conceito"
"9291230";"Avaliação psicológica da personalidade";"";"";"ATIVO";"LATO SENSU";"";"Presencial";"";"";"NATAL";"";"143";"DEPARTAMENTO DE PSICOLOGIA";"";"";""
"6633740";"CURSO DE APERFEIÇOAMENTO EM ENDOCRINOLOGIA PEDIÁTRICA";"";"";"ATIVO";"LATO SENSU";"";"Presencial";"";"";"NATAL";"";"193";"DEPARTAMENTO DE PEDIATRIA";"";"";""
"4711440";"CURSO DE  ESPECIALIZAÇÃO EM ADMINISTRAÇÃO PÚBLICA";"";"";"ATIVO";"LATO SENSU";"";"Presencial";"";"";"NATAL";"";"3202";"FUNPEC/PPGAD";"";"";""
"3161570";"CURSO DE ESPECIALIZAÇÃO EM ANÁLISES CLÍNICAS";"";"";"ATIVO";"LATO SENSU";"";"Presencial";"";"";"NATAL";"";"117";"DEPARTAMENTO DE ANÁLISES CLÍNICAS E TOXICOLÓGICAS";"";"";""
"2527490";"CURSO DE ESPECIALIZAÇÃO EM AUDITORIA E CONTROLE INTERNO";"";"";"ATIVO";"LATO SENSU";"";"Presencial";"";"";"NATAL";"";"443";"CENTRO DE CIÊNCIAS SOCIAIS APLICADAS";"";"";""
"1080250";"CURSO DE ESPECIALIZAÇÃO EM AUDITORIA E PERÍCIA";"";"";"ATIVO";"LATO SENSU";"";"Presencial";"";"";"CAICÓ";"";"2856";"CERES - SECRETARIA DO DCEA";"";"";""
"3179270";"CURSO DE ESPECIALIZAÇÃO EM CIÊNCIAS MORFOLÓGICAS - INTERDISCIPLINARIDADE NO ENSI";"";"";"ATIVO";"LATO SENSU";"";"Presencial";"";"";"NATAL";"";"177";"DEPARTAMENTO DE MORFOLOGIA";"";"";""
"8234990";"CURSO DE ESPECIALIZAÇÃO EM CONTROLADORIA PARA GESTÃO PÚBLICA E TERCEIRO SETOR";"";"";"ATIVO";"LATO SENSU";"";"Semi-Presencial";"";"";"NATAL";"";"163";"DEPARTAMENTO DE CIÊNCIAS CONTÁBEIS - DCC";"";"";""
"1085930";"CURSO DE ESPECIALIZAÇÃO EM DIREITO CIVIL E PROCESSUAL CIVIL";"37428";"VLADIMIR DA ROCHA FRANCA";"ATIVO";"LATO SENSU";"";"Presencial";"";"";"NATAL";"";"404";"PROGRAMA DE PÓS-GRADUAÇÃO EM DIREITO";"";"";""
"7008210";"CURSO DE ESPECIALIZAÇÃO EM EDUCAÇÃO E SUSTENTABILIDADE AMBIENTAL";"";"";"ATIVO";"LATO SENSU";"";"Presencial";"";"";"NATAL";"";"159";"DEPARTAMENTO DE EDUCAÇÃO";"";"";""
"6165401";"CURSO DE ESPECIALIZAÇÃO EM EDUCAÇÃO E SUSTENTABILIDADE AMBIENTAL";"";"";"ATIVO";"LATO SENSU";"";"Presencial";"";"";"NATAL";"";"159";"DEPARTAMENTO DE EDUCAÇÃO";"";"";""
"7612820";"Curso de Especialização em Elaboração e Avaliação de Projetos Turísticos";"";"";"ATIVO";"LATO SENSU";"";"Presencial";"";"";"NATAL";"";"4652";"PÓS-GRADUAÇÃO EM TURISMO";"";"";""
"1308470";"CURSO DE ESPECIALIZAÇÃO EM ENDODONTIA";"";"";"ATIVO";"LATO SENSU";"";"Presencial";"";"";"NATAL";"";"195";"DEPARTAMENTO DE ODONTOLOGIA";"";"";""
"7634140";"CURSO DE ESPECIALIZAÇÃO EM ENSINO DE EDUCAÇÃO FÍSICA";"";"";"ATIVO";"LATO SENSU";"";"Presencial";"";"";"NATAL";"";"199";"DEPARTAMENTO DE EDUCAÇÃO FÍSICA";"";"";""
"906290";"Curso de Especialização em Epidemiologia para Serviços Hospitalares";"";"";"ATIVO";"LATO SENSU";"";"Presencial";"";"";"NATAL";"";"1609";"NESC - NÚCLEO DE ESTUDOS EM SAÚDE COLETIVA (ADM. CENTRAL)";"";"";""
"5622610";"CURSO DE ESPECIALIZAÇÃO EM FINANÇAS E CONTROLADORIA PARA NEGÓCIOS EMPRESARIAIS";"";"";"ATIVO";"LATO SENSU";"";"Presencial";"";"";"NATAL";"";"163";"DEPARTAMENTO DE CIÊNCIAS CONTÁBEIS - DCC";"";"";""
"1152410";"CURSO DE ESPECIALIZAÇÃO EM GEOPROCESSAMENTO E CARTOGRAFIA DIGITAL";"";"";"ATIVO";"LATO SENSU";"";"Presencial";"";"";"NATAL";"";"142";"DEPARTAMENTO DE GEOGRAFIA/CCHLA";"";"";""
"2665390";"CURSO DE ESPECIALIZAÇÃO EM GEOPROCESSAMENTO E CARTOGRAFIA DIGITAL";"";"";"ATIVO";"LATO SENSU";"";"Presencial";"";"";"NATAL";"";"142";"DEPARTAMENTO DE GEOGRAFIA/CCHLA";"";"";""
"5505370";"CURSO DE ESPECIALIZAÇÃO EM GESTÃO DA QUALIDADE EM SERVIÇOS DE SAÚDE";"";"";"ATIVO";"LATO SENSU";"";"Presencial";"";"";"NATAL";"";"115";"DEPARTAMENTO DE ENGENHARIA PRODUÇÃO";"";"";""
"899332";"CURSO DE ESPECIALIZAÇÃO EM GESTÃO DE HOSPITAIS PÚBLICOS";"";"";"ATIVO";"LATO SENSU";"";"Presencial";"";"";"NATAL";"";"202";"DEPARTAMENTO DE SAÚDE COLETIVA";"";"";""
"1384330";"CURSO DE ESPECIALIZAÇÃO EM GESTÃO DE HOSPITAIS PÚBLICOS";"";"";"ATIVO";"LATO SENSU";"";"Presencial";"";"";"NATAL";"";"441";"CENTRO DE CIÊNCIAS DA SAÚDE";"";"";""
"2558520";"Curso de Especialização em Gestão de Qualidade de Vida e Saúde no Trabalho";"";"";"ATIVO";"LATO SENSU";"";"Presencial";"";"";"NATAL";"";"1618";"COORD. DO PROGRAMA DE POS-GRAD. EM ADMINISTRACAO";"";"";""
"908980";"CURSO DE ESPECIALIZAÇÃO EM GESTÃO ESTRATÉGICA EM MARKETING";"";"";"ATIVO";"LATO SENSU";"";"Presencial";"";"";"NATAL";"";"161";"DEPARTAMENTO DE CIÊNCIAS ADMINISTRATIVAS - DEPAD";"";"";""
"9299260";"CURSO DE ESPECIALIZAÇÃO EM LÍNGUA PORTUGUESA E ENSINO - CELPE";"";"";"ATIVO";"LATO SENSU";"";"Presencial";"";"";"NATAL";"";"138";"DEPARTAMENTO DE LETRAS";"";"";""
"2669130";"CURSO DE ESPECIALIZAÇÃO EM LÍNGUA PORTUGUESA: LEITURA, PRODUÇÃO DE TEXTOS E GRAM";"";"";"ATIVO";"LATO SENSU";"";"Presencial";"";"";"NATAL";"";"138";"DEPARTAMENTO DE LETRAS";"";"";""
"5405880";"CURSO DE ESPECIALIZAÇÃO EM MATEMÁTICA DO ENSINO FUNDAMENTAL";"";"";"ATIVO";"LATO SENSU";"";"Presencial";"";"";"NATAL";"";"120";"DEPARTAMENTO DE MATEMÁTICA";"";"";""
"905860";"CURSO DE ESPECIALIZAÇÃO EM PSICOPEDAGOGIA";"";"";"ATIVO";"LATO SENSU";"";"Presencial";"";"";"NATAL";"";"143";"DEPARTAMENTO DE PSICOLOGIA";"";"";""
"912010";"CURSO DE ESPECIALIZAÇÃO EM VIGILÂNCIA EPIDEMIOLÓGICA DAS DOENÇAS TRANSMISSÍVEIS";"5754604";"ALEXSANDRA RODRIGUES FEIJAO";"ATIVO";"LATO SENSU";"";"Presencial";"";"";"NATAL";"";"412";"PROGRAMA DE PÓS-GRADUAÇÃO EM ENFERMAGEM";"";"";""
"1101030";"CURSO ESPECIALIZAÇÃO EM SAÚDE COLETIVA";"";"";"ATIVO";"LATO SENSU";"";"Presencial";"";"";"NATAL";"";"1591";"PROG. POS-GRADUACAO EM ODONTOLOGIA SOCIAL";"";"";""
"2894320";"DESENVOLVIMENTO GERENCIAL DOS SERVIDORES DO TRIBUNAL DE CONTAS DO ESTADO DO RN";"";"";"ATIVO";"LATO SENSU";"";"Presencial";"";"";"NATAL";"";"3202";"FUNPEC/PPGAD";"";"";""
"315765";"DOUTORADO EM ADMINISTRAÇÃO";"5752012";"LUCIANO MENEZES BEZERRA SAMPAIO";"ATIVO";"DOUTORADO";"";"Presencial";"Ciências Sociais Aplicadas";"Regular";"NATAL";"";"74";"PROGRAMA DE PÓS-GRADUAÇÃO EM ADMINISTRAÇÃO";"";"Portaria MEC 656, de 22/05/2017. DOU 142, de 26/07/2017, seção 1, págs. 23 a 109";"4"
"108227148";"DOUTORADO EM ANTROPOLOGIA SOCIAL";"5753584";"ROZELI MARIA PORTO";"ATIVO";"DOUTORADO";"";"Presencial";"Ciências Humanas";"Regular";"NATAL";"";"1442";"PROGRAMA DE PÓS-GRADUAÇÃO EM ANTROPOLOGIA SOCIAL";"";"Portaria MEC 1077, de 31/08/2012, DOU de 13/09/2012, seção 1, pág 25";"5"
"315767";"DOUTORADO EM ARQUITETURA E URBANISMO";"5752794";"GEORGE ALEXANDRE FERREIRA DANTAS";"ATIVO";"DOUTORADO";"";"Presencial";"Outra";"Regular";"NATAL";"";"102";"PROGRAMA DE PÓS-GRADUAÇÃO EM ARQUITETURA E URBANISMO";"";"Portaria MEC 656, de 22/05/2017. DOU 142, de 26/07/2017, seção 1, págs. 23 a 109";"4"
"115845494";"DOUTORADO EM BIOINFORMÁTICA";"5760214";"GUSTAVO ANTONIO DE SOUZA";"ATIVO";"DOUTORADO";"";"Presencial";"Ciências Biológicas";"Regular";"NATAL";"";"9814";"PROGRAMA DE PÓS-GRADUAÇÃO EM BIOINFORMÁTICA";"";"161ª Reunião do CTC-ES, em 17/12/2015";"5"
"9285380";"DOUTORADO EM BIOQUÍMICA E BIOLOGIA MOLECULAR";"26013";"HUGO ALEXANDRE DE OLIVEIRA ROCHA";"ATIVO";"DOUTORADO";"";"Presencial";"Ciências Biológicas";"Regular";"NATAL";"";"1639";"PROGRAMA DE PÓS-GRADUAÇÃO EM BIOQUÍMICA";"";"Portaria MEC 656, de 22/05/2017. DOU 142, de 26/07/2017, seção 1, págs. 23 a 109";"4"
"315788";"DOUTORADO EM BIOTECNOLOGIA";"5756324";"SUSANA MARGARIDA GOMES MOREIRA";"ATIVO";"DOUTORADO";"";"Presencial";"Outra";"Regular";"NATAL";"";"3014";"PROGRAMA DE PÓS-GRADUAÇÃO EM BIOTECNOLOGIA";"";"Portaria MEC 1077, de 31/08/2012, DOU de 13/09/2012, seção 1, pág 25";"5"
"315743";"DOUTORADO EM CIÊNCIA DA COMPUTAÇÃO";"24853";"ANNE MAGALY DE PAULA CANUTO";"ATIVO";"DOUTORADO";"";"Presencial";"Ciências Exatas e da Terra";"Regular";"NATAL";"";"73";"PROGRAMA DE PÓS-GRADUAÇÃO EM SISTEMAS E COMPUTAÇÃO";"";"Portaria MEC 656, de 22/05/2017. DOU 142, de 26/07/2017, seção 1, págs. 23 a 109";"5"
"315771";"DOUTORADO EM CIÊNCIA E ENGENHARIA DE MATERIAIS";"5751827";"EDSON NORIYUKI ITO";"ATIVO";"DOUTORADO";"";"Presencial";"Engenharias";"Regular";"NATAL";"";"68";"PROGRAMA DE PÓS-GRADUAÇÃO EM CIÊNCIA E ENGENHARIA DE MATERIAIS";"";"Portaria MEC 656, de 22/05/2017. DOU 142, de 26/07/2017, seção 1, págs. 23 a 109";"7"
"315787";"DOUTORADO EM CIÊNCIA E ENGENHARIA DE PETRÓLEO";"5751873";"CARLOS ALBERTO MARTINEZ HUITLE";"ATIVO";"DOUTORADO";"";"Presencial";"Engenharias";"Regular";"NATAL";"";"2598";"PROGRAMA DE PÓS-GRADUAÇÃO EM CIÊNCIA E ENGENHARIA DE PETRÓLEO";"";"Portaria MEC 656, de 22/05/2017. DOU 142, de 26/07/2017, seção 1, págs. 23 a 109";"3"
"17975012";"DOUTORADO EM CIÊNCIAS CLIMÁTICAS";"5757536";"WEBER ANDRADE GONCALVES";"ATIVO";"DOUTORADO";"";"Presencial";"Ciências Exatas e da Terra";"Regular";"NATAL";"";"5211";"PROGRAMA DE PÓS-GRADUAÇÃO EM CIÊNCIAS CLIMÁTICAS";"";"Portaria MEC 656, de 22/05/2017. DOU 142, de 26/07/2017, seção 1, págs. 23 a 109";"4"
"315774";"DOUTORADO EM CIÊNCIAS DA SAÚDE";"23487";"ERYVALDO SOCRATES TABOSA DO EGITO";"ATIVO";"DOUTORADO";"";"Presencial";"Ciências da Saúde";"Regular";"NATAL";"";"66";"PROGRAMA DE PÓS-GRADUAÇÃO EM CIÊNCIAS DA SAÚDE";"";"Portaria MEC 656, de 22/05/2017. DOU 142, de 26/07/2017, seção 1, págs. 23 a 109";"5"
"110710810";"DOUTORADO EM CIÊNCIAS FARMACÊUTICAS";"5757897";"MARCELO DE SOUSA DA SILVA";"ATIVO";"DOUTORADO";"";"Presencial";"Ciências da Saúde";"Regular";"NATAL";"";"366";"PROGRAMA DE PÓS-GRADUAÇÃO EM CIÊNCIAS FARMACÊUTICAS";"";"143ª Reunião CTC-ES. Publicada no DOU em 19/05/2016, Seção 1, Págs. 09 e 10";"4"
"130260440";"DOUTORADO EM CIÊNCIAS ODONTOLÓGICAS";"21584";"ROSEANA DE ALMEIDA FREITAS";"ATIVO";"DOUTORADO";"";"Presencial";"Ciências da Saúde";"Regular";"NATAL";"";"11354";"PROGRAMA DE PÓS-GRADUAÇÃO EM CIÊNCIAS ODONTOLÓGICAS";"";"Portaria MEC 129, de 11/06/2019. DOU 115, de 17/06/2019, seção 1, pág. 19";"4"
"315777";"DOUTORADO EM CIÊNCIAS SOCIAIS";"22934";"ORIVALDO PIMENTEL LOPES JUNIOR";"ATIVO";"DOUTORADO";"";"Presencial";"Ciências Humanas";"Regular";"NATAL";"";"360";"PROGRAMA DE PÓS-GRADUAÇÃO EM CIÊNCIAS SOCIAIS";"";"Portaria MEC 543, de 15/06/2020. DOU 114, de 17/06/2020, seção 1, pág. 60";"3"
"132958656";"DOUTORADO EM DEMOGRAFIA";"5755542";"MARCOS ROBERTO GONZAGA";"ATIVO";"DOUTORADO";"";"Presencial";"Ciências Exatas e da Terra";"Regular";"NATAL";"";"5570";"PROGRAMA DE PÓS-GRADUAÇÃO EM DEMOGRAFIA";"";"Portaria MEC. Publicada no Diário Oficial da União n.º 219, de 12/11/2019, seção 1, pág. 340";"4"
"9300591";"DOUTORADO EM DESENVOLVIMENTO E INOVAÇÃO TECNOLÓGICA EM MEDICAMENTOS";"5753064";"SILVANA MARIA ZUCOLOTTO LANGASSNER";"ATIVO";"DOUTORADO";"";"Presencial";"Ciências da Saúde";"Semestral";"NATAL";"";"4847";"PROGRAMA DE PÓS-GRADUAÇÃO EM DESENVOLVIMENTO E INOVAÇÃO TECNOLÓGICA EM MEDICAMENTOS";"";"Portaria MEC 656, de 22/05/2017. DOU 142, de 26/07/2017, seção 1, págs. 23 a 109";"4"
"19018260";"DOUTORADO EM DESENVOLVIMENTO E MEIO AMBIENTE";"5752164";"VIVIANE SOUZA DO AMARAL";"ATIVO";"DOUTORADO";"";"Presencial";"Ciências Agrárias";"Regular";"NATAL";"";"5237";"PROGRAMA DE PÓS-GRADUAÇÃO EM DESENVOLVIMENTO E MEIO AMBIENTE - PRODEMA";"";"Portaria MEC 656, de 22/05/2017. DOU 142, de 26/07/2017, seção 1, págs. 23 a 109";"5"
"9300592";"DOUTORADO EM ECOLOGIA";"5759416";"JULIANA DEO DIAS";"ATIVO";"DOUTORADO";"";"Presencial";"Ciências Biológicas";"Regular";"NATAL";"";"4846";"PROGRAMA DE PÓS-GRADUAÇÃO EM ECOLOGIA";"";"Portaria MEC 656, de 22/05/2017. DOU 142, de 26/07/2017, seção 1, págs. 23 a 109";"6"
"315746";"DOUTORADO EM EDUCAÇÃO";"2298994";"CLAUDIANNY AMORIM NORONHA";"ATIVO";"DOUTORADO";"";"Presencial";"Ciências Sociais Aplicadas";"Regular";"NATAL";"";"363";"PROGRAMA DE PÓS-GRADUAÇÃO EM EDUCAÇÃO";"";"Portaria MEC 656, de 22/05/2017. DOU 142, de 26/07/2017, seção 1, págs. 23 a 109";"5"
"50903134";"DOUTORADO EM ENFERMAGEM NA ATENÇÃO À SAÚDE";"5754604";"ALEXSANDRA RODRIGUES FEIJAO";"ATIVO";"DOUTORADO";"";"Presencial";"Ciências da Saúde";"Regular";"NATAL";"";"412";"PROGRAMA DE PÓS-GRADUAÇÃO EM ENFERMAGEM";"";"Portaria MEC 656, de 22/05/2017. DOU 142, de 26/07/2017, seção 1, págs. 23 a 109";"4"
"315750";"DOUTORADO EM ENGENHARIA ELÉTRICA E DE COMPUTAÇÃO";"5753848";"MARCELO AUGUSTO COSTA FERNANDES";"ATIVO";"DOUTORADO";"";"Presencial";"Engenharias";"Regular";"NATAL";"";"103";"PROGRAMA DE PÓS-GRADUAÇÃO EM ENGENHARIA ELÉTRICA E DE COMPUTAÇÃO";"";"Portaria MEC 656, de 22/05/2017. DOU 142, de 26/07/2017, seção 1, págs. 23 a 109";"5"
"315752";"DOUTORADO EM ENGENHARIA MECÂNICA";"2261705";"RAIMUNDO CARLOS SILVERIO FREIRE JUNIOR";"ATIVO";"DOUTORADO";"";"Presencial";"Engenharias";"Regular";"NATAL";"";"104";"PROGRAMA DE PÓS-GRADUAÇÃO EM ENGENHARIA MECÂNICA";"";"Portaria MEC 656, de 22/05/2017. DOU 142, de 26/07/2017, seção 1, págs. 23 a 109";"2"
"315754";"DOUTORADO EM ENGENHARIA QUÍMICA";"5757893";"ELISAMA VIEIRA DOS SANTOS";"ATIVO";"DOUTORADO";"";"Presencial";"Engenharias";"Regular";"NATAL";"";"106";"PROGRAMA DE PÓS-GRADUAÇÃO EM ENGENHARIA QUÍMICA";"";"Portaria MEC 656, de 22/05/2017. DOU 142, de 26/07/2017, seção 1, págs. 23 a 109";"5"
"108847150";"DOUTORADO EM ENSINO DE CIÊNCIAS E MATEMÁTICA";"5753596";"JOSIVANIA MARISA DANTAS";"ATIVO";"DOUTORADO";"";"Presencial";"Ciências Exatas e da Terra";"Regular";"NATAL";"";"9111";"PROGRAMA DE PÓS-GRADUAÇÃO EM ENSINO DE CIÊNCIAS E MATEMÁTICA";"";"143ª Reunião CTC-ES. Publicada no DOU em 19/05/2016, Seção 1, Págs. 09 e 10";"4"
"315758";"DOUTORADO EM ESTUDOS DA LINGUAGEM";"";"";"ATIVO";"DOUTORADO";"";"Presencial";"Linguística, Letras e Artes";"Regular";"NATAL";"";"65";"PROGRAMA DE PÓS-GRADUAÇÃO EM ESTUDOS DA LINGUAGEM";"";"Portaria MEC 656, de 22/05/2017. DOU 142, de 26/07/2017, seção 1, págs. 23 a 109";"5"
"115789633";"DOUTORADO EM ESTUDOS DA MÍDIA";"5757573";"LUCIANA MIRANDA COSTA";"ATIVO";"DOUTORADO";"";"Presencial";"Ciências Sociais Aplicadas";"Regular";"NATAL";"";"4893";"PROGRAMA DE PÓS-GRADUAÇÃO EM ESTUDOS DA MÍDIA";"";"161ª Reunião do CTC-ES, em 17/12/2015";"4"
"132958781";"DOUTORADO EM ESTUDOS URBANOS E REGIONAIS";"5758689";"SARA RAQUEL FERNANDES QUEIROZ DE MEDEIROS";"ATIVO";"DOUTORADO";"";"Presencial";"Ciências Humanas";"Regular";"NATAL";"";"5254";"PROGRAMA DE PÓS-GRADUAÇÃO EM ESTUDOS URBANOS E REGIONAIS";"";"Portaria MEC. Publicada no Diário Oficial da União n.º 219, de 12/11/2019, seção 1, pág. 340";"4"
"115789618";"DOUTORADO EM FILOSOFIA";"5752753";"EDUARDO ANIBAL PELLEJERO";"ATIVO";"DOUTORADO";"";"Presencial";"Ciências Humanas";"Regular";"NATAL";"";"364";"PROGRAMA DE PÓS-GRADUAÇÃO EM FILOSOFIA";"";"Portaria MEC 1077, de 31/08/2012, DOU de 13/09/2012, seção 1, pág. 25";"4"
"315728";"DOUTORADO EM FÍSICA";"5752721";"FELIPE BOHN";"ATIVO";"DOUTORADO";"";"Presencial";"Ciências Exatas e da Terra";"Regular";"NATAL";"";"388";"PROGRAMA DE PÓS-GRADUAÇÃO EM FÍSICA";"";"Portaria MEC 656, de 22/05/2017. DOU 142, de 26/07/2017, seção 1, págs. 23 a 109";"5"
"95726200";"DOUTORADO EM FISIOTERAPIA";"3020005";"FABRICIA AZEVEDO DA COSTA CAVALCANTI";"ATIVO";"DOUTORADO";"";"Presencial";"Ciências da Saúde";"Regular";"NATAL";"";"4072";"PROGRAMA DE PÓS-GRADUAÇÃO EM FISIOTERAPIA";"";"139ª Reunião do CTC-ES, Parecer CNE/CES nº 250/2014";"4"
"315763";"DOUTORADO EM GEODINÂMICA E GEOFÍSICA";"5755867";"FREDERICO CASTRO JOBIM VILALVA";"ATIVO";"DOUTORADO";"";"Presencial";"Outra";"Regular";"NATAL";"";"325";"PROGRAMA DE PÓS-GRADUAÇÃO EM GEODINÂMICA E GEOFÍSICA";"";"Portaria MEC 656, de 22/05/2017. DOU 142, de 26/07/2017, seção 1, págs. 23 a 109";"5"
"95953799";"DOUTORADO EM GEOGRAFIA";"5758430";"RODRIGO DE FREITAS AMORIM";"ATIVO";"DOUTORADO";"";"Presencial";"Ciências Humanas";"Regular";"NATAL";"";"315";"PROGRAMA DE PÓS-GRADUAÇÃO EM GEOGRAFIA";"";"Portaria MEC n.º 609, de 14/03/2019. Publicada no DOU n.º 52, de 18/03/2019, Seção 1, pág. 63";"5"
"133179605";"DOUTORADO EM HISTÓRIA";"5752300";"CARMEN MARGARIDA OLIVEIRA ALVEAL";"ATIVO";"DOUTORADO";"";"Presencial";"Ciências Humanas";"Regular";"NATAL";"";"435";"PROGRAMA DE PÓS-GRADUAÇÃO EM HISTÓRIA";"";"Parecer CNE/CES n.º 943/2019. 180ª Reunião do CTC-ES, de 17 a 19/10/2018. DOU 226, de 22/11/2019";"4"
"98462514";"DOUTORADO EM NANOTECNOLOGIA FARMACÊUTICA";"23487";"ERYVALDO SOCRATES TABOSA DO EGITO";"ATIVO";"DOUTORADO";"";"Presencial";"Ciências da Saúde";"Regular";"NATAL";"";"6030";"PROGRAMA DE PÓS-GRADUAÇÃO EM NANOTECNOLOGIA FARMACÊUTICA";"";"Parecer CNE/CES 288/2015. Aprovado em 08 de julho de 2015";"4"
"17565631";"DOUTORADO EM NEUROCIÊNCIAS";"5753713";"RODRIGO NEVES ROMCY PEREIRA";"ATIVO";"DOUTORADO";"";"Presencial";"Ciências Biológicas";"Regular";"NATAL";"";"5207";"PROGRAMA DE PÓS-GRADUAÇÃO EM NEUROCIÊNCIAS";"";"Portaria MEC 656, de 22/05/2017. DOU 142, de 26/07/2017, seção 1, págs. 23 a 109";"4"
"315734";"DOUTORADO EM PATOLOGIA ORAL";"";"";"ATIVO";"DOUTORADO";"";"Presencial";"Ciências da Saúde";"Regular";"NATAL";"";"1760";"PROGRAMA DE PÓS-GRADUAÇÃO EM PATOLOGIA ORAL";"";"Portaria MEC 656, de 22/05/2017. DOU 142, de 26/07/2017, seção 1, págs. 23 a 109";"4"
"315736";"DOUTORADO EM PSICOBIOLOGIA";"5756814";"ROVENA CLARA GALVAO JANUARIO ENGELBERTH";"ATIVO";"DOUTORADO";"";"Presencial";"Outra";"Regular";"NATAL";"";"367";"PROGRAMA DE PÓS-GRADUAÇÃO EM PSICOBIOLOGIA";"";"Portaria MEC 656, de 22/05/2017. DOU 142, de 26/07/2017, seção 1, págs. 23 a 109";"6"
"17275730";"DOUTORADO EM PSICOLOGIA";"23731";"ISABEL MARIA FARIAS FERNANDES DE OLIVEIRA";"ATIVO";"DOUTORADO";"";"Presencial";"Ciências Humanas";"Regular";"NATAL";"";"64";"PROGRAMA DE PÓS-GRADUAÇÃO EM PSICOLOGIA";"";"Portaria MEC 656, de 22/05/2017. DOU 142, de 26/07/2017, seção 1, págs. 23 a 109";"5"
"315740";"DOUTORADO EM QUÍMICA";"20873";"DULCE MARIA DE ARAUJO MELO";"ATIVO";"DOUTORADO";"";"Presencial";"Ciências Exatas e da Terra";"Regular";"NATAL";"";"85";"PROGRAMA DE PÓS-GRADUAÇÃO EM QUÍMICA";"";"Portaria MEC 656, de 22/05/2017. DOU 142, de 26/07/2017, seção 1, págs. 23 a 109";"4"
"84739891";"DOUTORADO EM SAÚDE COLETIVA";"22912";"ANGELO GIUSEPPE RONCALLI DA COSTA OLIVEIRA";"ATIVO";"DOUTORADO";"";"Presencial";"Ciências da Saúde";"Anual";"NATAL";"";"5670";"PROGRAMA DE PÓS-GRADUAÇÃO EM SAÚDE COLETIVA";"";"Portaria MEC 656, de 22/05/2017. DOU 142, de 26/07/2017, seção 1, págs. 23 a 109";"4"
"117229950";"DOUTORADO EM SERVIÇO SOCIAL";"5757812";"HENRIQUE ANDRE RAMOS WELLEN";"ATIVO";"DOUTORADO";"";"Presencial";"Ciências Sociais Aplicadas";"Regular";"NATAL";"";"376";"PROGRAMA DE PÓS-GRADUAÇÃO EM SERVIÇO SOCIAL";"";"Portaria MEC 655, de 22/05/2017. Publicada no DOU em 23/05/2017, Seção 1, pág. 97.";"4"
"96146345";"DOUTORADO EM SISTEMÁTICA E EVOLUÇÃO";"5754273";"SERGIO MAIA QUEIROZ LIMA";"ATIVO";"DOUTORADO";"";"Presencial";"Ciências Biológicas";"Regular";"NATAL";"";"5579";"PROGRAMA DE PÓS-GRADUAÇÃO EM SISTEMÁTICA E EVOLUÇÃO";"";"Portaria MEC 1.009, DOU de 11/10/2013, seção 1, pág. 13";"4"
"104910434";"DOUTORADO EM TURISMO";"5753610";"LEILIANNE MICHELLE TRINDADE DA SILVA BARRETO";"ATIVO";"DOUTORADO";"";"Presencial";"Ciências Sociais Aplicadas";"Regular";"NATAL";"";"4295";"PROGRAMA DE PÓS-GRADUAÇÃO EM TURISMO";"";"Portaria MEC 1077, de 31/08/2012, DOU de 13/09/2012, seção 1, pág 25";"4"
"147308656";"DOUTORADO PROFISSIONAL EM SAUDE DA FAMILIA";"5752470";"KARLA PATRICIA CARDOSO AMORIM";"ATIVO";"DOUTORADO";"";"Presencial";"Ciências da Saúde";"Regular";"NATAL";"";"6135";"PROGRAMA DE PÓS-GRADUAÇÃO EM SAÚDE DA FAMÍLIA NO NORDESTE";"";"";""
"979300";"ENFERMAGEM  EM SAÚDE DA  CRIANÇA";"";"";"ATIVO";"LATO SENSU";"";"Presencial";"";"";"NATAL";"";"198";"DEPARTAMENTO DE ENFERMAGEM";"";"";""
"2667700";"ENSINO-APRENDIZAGEM DE LÍNGUA PORTUGUESA:ASPECTOS TEÓRICOS E PRÁTICOS";"";"";"ATIVO";"LATO SENSU";"";"Presencial";"";"";"NATAL";"";"159";"DEPARTAMENTO DE EDUCAÇÃO";"";"";""
"1398140";"ENSINO DE ARTE NA ESCOLA";"";"";"ATIVO";"LATO SENSU";"";"Presencial";"";"";"NATAL";"";"139";"DEPARTAMENTO DE ARTES";"";"";""
"6182540";"ENSINO DE ARTE NA ESCOLA COM APROFUNDAMENTO E ARTES VISUAIS, DANÇA, MÚSICA E TEA";"";"";"ATIVO";"LATO SENSU";"";"Presencial";"";"";"NATAL";"";"139";"DEPARTAMENTO DE ARTES";"";"";""
"2628340";"Especializaão em Avaliação Psicológica";"";"";"ATIVO";"LATO SENSU";"";"Presencial";"";"";"NATAL";"";"442";"CENTRO DE CIÊNCIAS HUMANAS, LETRAS E ARTES";"";"";""
"3578460";"ESPECIALIZAÇÃO EM ARTETERAPIA E EDUCAÇÃO DO SER";"2298994";"CLAUDIANNY AMORIM NORONHA";"ATIVO";"LATO SENSU";"";"Presencial";"";"";"NATAL";"";"363";"PROGRAMA DE PÓS-GRADUAÇÃO EM EDUCAÇÃO";"";"";""
"4878604";"ESPECIALIZAÇÃO EM ARTETERAPIA E EDUCAÇÃO DO SER";"2298994";"CLAUDIANNY AMORIM NORONHA";"ATIVO";"LATO SENSU";"";"Presencial";"";"";"NATAL";"";"363";"PROGRAMA DE PÓS-GRADUAÇÃO EM EDUCAÇÃO";"";"";""
"5173860";"ESPECIALIZAÇÃO EM CRIANÇA E ADOLESCENTE: ASPECTOS LEGAIS E SOCIAIS";"";"";"ATIVO";"LATO SENSU";"";"Presencial";"";"";"NATAL";"";"143";"DEPARTAMENTO DE PSICOLOGIA";"";"";""
"134355614";"ESPECIALIZAÇÃO EM DERMATOLOGIA EM ENFERMAGEM";"";"";"ATIVO";"LATO SENSU";"";"Presencial";"";"";"NATAL";"";"198";"DEPARTAMENTO DE ENFERMAGEM";"";"";""
"150984778";"ESPECIALIZAÇÃO EM DERMATOLOGIA EM ENFERMAGEM";"";"";"ATIVO";"LATO SENSU";"";"Presencial";"";"";"NATAL";"";"198";"DEPARTAMENTO DE ENFERMAGEM";"";"";""
"5277960";"ESPECIALIZAÇÃO EM ECONOMIA SOLIDÁRIA E DESENVOLVIMENTO TERRITORIAL";"5752012";"LUCIANO MENEZES BEZERRA SAMPAIO";"ATIVO";"LATO SENSU";"";"Presencial";"";"";"NATAL";"";"74";"PROGRAMA DE PÓS-GRADUAÇÃO EM ADMINISTRAÇÃO";"";"";""
"6546980";"ESPECIALIZAÇÃO EM ENDOCRINOLOGIA PEDIÁTRICA";"";"";"ATIVO";"LATO SENSU";"";"Presencial";"";"";"NATAL";"";"193";"DEPARTAMENTO DE PEDIATRIA";"";"";""
"11345120";"ESPECIALIZAÇÃO EM ENDODONTIA";"";"";"ATIVO";"LATO SENSU";"";"Presencial";"";"";"NATAL";"";"195";"DEPARTAMENTO DE ODONTOLOGIA";"";"";""
"1087370";"ESPECIALIZAÇÃO EM ENGENHARIA E SEGURANÇA DO TRABALHO";"";"";"ATIVO";"LATO SENSU";"";"Presencial";"";"";"NATAL";"";"52";"DEPARTAMENTO DE ENGENHARIA CIVIL";"";"";""
"1213760";"ESPECIALIZAÇÃO EM GESTÃO DE PESSOAS";"5752012";"LUCIANO MENEZES BEZERRA SAMPAIO";"ATIVO";"LATO SENSU";"";"Presencial";"";"";"NATAL";"";"74";"PROGRAMA DE PÓS-GRADUAÇÃO EM ADMINISTRAÇÃO";"";"";""
"11642560";"ESPECIALIZAÇÃO EM GESTÃO ESCOLAR";"2298994";"CLAUDIANNY AMORIM NORONHA";"ATIVO";"LATO SENSU";"";"A Distância";"";"";"NATAL";"";"363";"PROGRAMA DE PÓS-GRADUAÇÃO EM EDUCAÇÃO";"";"";""
"975160";"ESPECIALIZAÇÃO EM GESTÃO ESCOLAR";"";"";"ATIVO";"LATO SENSU";"";"A Distância";"";"";"NATAL";"";"3592";"UNIDADE CURRICULAR INTEGRADA";"";"";""
"11381370";"ESPECIALIZAÇÃO EM GESTÃO UNIVERSITÁRIA";"5752012";"LUCIANO MENEZES BEZERRA SAMPAIO";"ATIVO";"LATO SENSU";"";"Presencial";"";"";"NATAL";"";"74";"PROGRAMA DE PÓS-GRADUAÇÃO EM ADMINISTRAÇÃO";"";"";""
"1228840";"ESPECIALIZAÇÃO EM LÍNGUA INGLESA";"";"";"ATIVO";"LATO SENSU";"";"Presencial";"";"";"CAICÓ";"";"236";"CERES - DEPTO CIÊNCIAS SOCIAIS E HUMANAS";"";"";""
"9240410";"ESPECIALIZAÇÃO EM LÍNGUA PORGUESA: GRAMÁTICA, TEXTO E DISCURSO";"";"";"ATIVO";"LATO SENSU";"";"Presencial";"";"";"NATAL";"";"138";"DEPARTAMENTO DE LETRAS";"";"";""
"87338446";"ESPECIALIZAÇÃO EM MANEJO SUSTENTÁVEL DO SEMIÁRIDO";"";"";"ATIVO";"LATO SENSU";"";"Presencial";"";"";"MACAÍBA";"";"351";"ESCOLA AGRÍCOLA DE JUNDIAÍ";"";"";""
"106102854";"ESPECIALIZAÇÃO EM MANEJO SUSTENTÁVEL DO SEMIÁRIDO";"";"";"ATIVO";"LATO SENSU";"";"Presencial";"";"";"MACAÍBA";"";"351";"ESCOLA AGRÍCOLA DE JUNDIAÍ";"";"";""
"109093416";"ESPECIALIZAÇÃO EM MANEJO SUSTENTÁVEL DO SEMIÁRIDO";"";"";"ATIVO";"LATO SENSU";"";"Presencial";"";"";"MACAÍBA";"";"351";"ESCOLA AGRÍCOLA DE JUNDIAÍ";"";"";""
"906780";"ESPECIALIZAÇÃO EM POLÍTICAS PÚBLICAS";"";"";"ATIVO";"LATO SENSU";"";"Presencial";"";"";"NATAL";"";"2773";"NÚCLEO AVANÇADO DE POLÍTICAS PÚBLICAS - CCHLA";"";"";""
"9209950";"ESPECIALIZAÇÃO EM PROCESSO DE CUIDAR EM SAÚDE";"5754604";"ALEXSANDRA RODRIGUES FEIJAO";"ATIVO";"LATO SENSU";"";"Presencial";"";"";"NATAL";"";"412";"PROGRAMA DE PÓS-GRADUAÇÃO EM ENFERMAGEM";"";"";""
"6992520";"ESPECIALIZAÇÃO EM PSICOLOGIA CLÍNICA NA ABORDAGEM HUMANISTA-EXISTENCIAL-CURSO 3";"";"";"ATIVO";"LATO SENSU";"";"Presencial";"";"";"NATAL";"";"143";"DEPARTAMENTO DE PSICOLOGIA";"";"";""
"4669920";"ESPECIALIZAÇÃO EM SUPERVISÃO EDUCACIONAL";"";"";"ATIVO";"LATO SENSU";"";"Presencial";"";"";"CAICÓ";"";"236";"CERES - DEPTO CIÊNCIAS SOCIAIS E HUMANAS";"";"";""
"10601100";"Etica Profissional";"";"";"ATIVO";"LATO SENSU";"";"Presencial";"";"";"NATAL";"";"1698";"COOPERATIVA CULTURAL DA UFRN";"";"";""
"7386870";"fonoaudiologia";"";"";"ATIVO";"LATO SENSU";"";"Presencial";"";"";"NATAL";"";"2828";"HUOL - DEPARTAMENTO DE CIRURGIA";"";"";""
"2513900";"GESTÃO AMBIENTAL URBANA";"";"";"ATIVO";"LATO SENSU";"";"Presencial";"";"";"NATAL";"";"142";"DEPARTAMENTO DE GEOGRAFIA/CCHLA";"";"";""
"904142";"GESTÃO ESTRATÉGICA DE SISTEMAS DE INFORMAÇÃO";"";"";"ATIVO";"LATO SENSU";"";"Presencial";"";"";"NATAL";"";"63";"DEPARTAMENTO DE CIÊNCIA DA INFORMAÇÃO";"";"";""
"2794100";"I CURSO DE ESPECIALização em crianças e adolescentes: aspectos legais e sociais";"";"";"ATIVO";"LATO SENSU";"";"Presencial";"";"";"NATAL";"";"143";"DEPARTAMENTO DE PSICOLOGIA";"";"";""
"8293230";"I CURSO DE ESPECIALIZAÇÃO EM DIREITO ADMINISTRATIVO";"";"";"ATIVO";"LATO SENSU";"";"Presencial";"";"";"NATAL";"";"84";"DEPARTAMENTO DE DIREITO PUBLICO - DIPUB";"";"";""
"8302660";"III CURSO DE ESPECIALIZAÇÃO EM DIREITO TRIBUTÁRIO";"";"";"ATIVO";"LATO SENSU";"";"Presencial";"";"";"NATAL";"";"84";"DEPARTAMENTO DE DIREITO PUBLICO - DIPUB";"";"";""
"1205190";"IV CURSO DE ESPECIALIZAÇÃO EM PSICOLOGIA DA SAÚDE: DESENVOLVIMENTO E HOSPITALIZA";"";"";"ATIVO";"LATO SENSU";"";"Presencial";"";"";"NATAL";"";"143";"DEPARTAMENTO DE PSICOLOGIA";"";"";""
"315764";"MESTRADO EM ADMINISTRAÇÃO";"5752012";"LUCIANO MENEZES BEZERRA SAMPAIO";"ATIVO";"MESTRADO";"";"Presencial";"Ciências Sociais Aplicadas";"Regular";"NATAL";"";"74";"PROGRAMA DE PÓS-GRADUAÇÃO EM ADMINISTRAÇÃO";"";"Portaria MEC 656, de 22/05/2017. DOU 142, de 26/07/2017, seção 1, págs. 23 a 109";"4"
"315784";"MESTRADO EM ANTROPOLOGIA SOCIAL";"5753584";"ROZELI MARIA PORTO";"ATIVO";"MESTRADO";"";"Presencial";"Ciências Humanas";"Regular";"NATAL";"";"1442";"PROGRAMA DE PÓS-GRADUAÇÃO EM ANTROPOLOGIA SOCIAL";"";"Portaria MEC 656, de 22/05/2017. DOU 142, de 26/07/2017, seção 1, págs. 23 a 109";"5"
"315766";"MESTRADO EM ARQUITETURA E URBANISMO";"5752794";"GEORGE ALEXANDRE FERREIRA DANTAS";"ATIVO";"MESTRADO";"";"Presencial";"Outra";"Regular";"NATAL";"";"102";"PROGRAMA DE PÓS-GRADUAÇÃO EM ARQUITETURA E URBANISMO";"";"Portaria MEC 656, de 22/05/2017. DOU 142, de 26/07/2017, seção 1, págs. 23 a 109";"4"
"507420";"MESTRADO EM ARTES CÊNICAS";"5753050";"ROBSON CARLOS HADERCHPEK";"ATIVO";"MESTRADO";"";"Presencial";"Linguística, Letras e Artes";"Regular";"NATAL";"";"4073";"PROGRAMA DE PÓS-GRADUAÇÃO EM ARTES CÊNICAS";"";"Portaria MEC 656, de 22/05/2017. DOU 142, de 26/07/2017, seção 1, págs. 23 a 109";"3"
"115845492";"MESTRADO EM BIOINFORMÁTICA";"5760214";"GUSTAVO ANTONIO DE SOUZA";"ATIVO";"MESTRADO";"";"Presencial";"Ciências Biológicas";"Regular";"NATAL";"";"9814";"PROGRAMA DE PÓS-GRADUAÇÃO EM BIOINFORMÁTICA";"";"161ª Reunião do CTC-ES, em 17/12/2015";"5"
"98469607";"MESTRADO EM BIOLOGIA ESTRUTURAL E FUNCIONAL";"5757544";"FERNANDO VAGNER LOBO LADD";"ATIVO";"MESTRADO";"";"Presencial";"Ciências da Saúde";"Regular";"NATAL";"";"7805";"PROGRAMA DE PÓS-GRADUAÇÃO EM BIOLOGIA ESTRUTURAL E FUNCIONAL";"";"145ª Reunião do CTC-ES. Parecer CNE/CES nº 117/2014";"3"
"101050284";"MESTRADO EM BIOLOGIA PARASITÁRIA";"5752699";"RENATA ANTONACI GAMA";"ATIVO";"MESTRADO";"";"Presencial";"Ciências Biológicas";"Regular";"NATAL";"";"8085";"PROGRAMA DE PÓS-GRADUAÇÃO EM BIOLOGIA PARASITÁRIA";"";"149ª Reunião do CTC-ES. Parecer CNE/CES nº 58/2014";"3"
"315769";"MESTRADO EM BIOQUÍMICA E BIOLOGIA MOLECULAR";"26013";"HUGO ALEXANDRE DE OLIVEIRA ROCHA";"ATIVO";"MESTRADO";"";"Presencial";"Ciências Biológicas";"Regular";"NATAL";"";"1639";"PROGRAMA DE PÓS-GRADUAÇÃO EM BIOQUÍMICA";"";"Portaria MEC 656, de 22/05/2017. DOU 142, de 26/07/2017, seção 1, págs. 23 a 109";"4"
"315770";"MESTRADO EM CIÊNCIA E ENGENHARIA DE MATERIAIS";"5751827";"EDSON NORIYUKI ITO";"ATIVO";"MESTRADO";"";"Presencial";"Engenharias";"Regular";"NATAL";"";"68";"PROGRAMA DE PÓS-GRADUAÇÃO EM CIÊNCIA E ENGENHARIA DE MATERIAIS";"";"Portaria MEC 656, de 22/05/2017. DOU 142, de 26/07/2017, seção 1, págs. 23 a 109";"7"
"315786";"MESTRADO EM CIÊNCIA E ENGENHARIA DE PETRÓLEO";"5751873";"CARLOS ALBERTO MARTINEZ HUITLE";"ATIVO";"MESTRADO";"";"Presencial";"Engenharias";"Regular";"NATAL";"";"2598";"PROGRAMA DE PÓS-GRADUAÇÃO EM CIÊNCIA E ENGENHARIA DE PETRÓLEO";"";"Portaria MEC 656, de 22/05/2017. DOU 142, de 26/07/2017, seção 1, págs. 23 a 109";"3"
"140178600";"MESTRADO EM CIÊNCIAS APLICADAS À SAÚDE DA MULHER";"5755473";"MARIA THEREZA ALBUQUERQUE BARBOSA CABRAL MICUSSI";"ATIVO";"MESTRADO";"";"Presencial";"Ciências da Saúde";"Regular";"NATAL";"";"30544";"PROGRAMA DE PÓS-GRADUAÇÃO EM CIÊNCIAS APLICADAS À SAÚDE DA MULHER";"";"Portaria MEC 540, de 15/06/2020. DOU 114, de 17/06/2020, seção 1, pág. 57";"3"
"315782";"MESTRADO EM CIÊNCIAS BIOLÓGICAS";"3527585";"UMBERTO LAINO FULCO";"ATIVO";"MESTRADO";"";"Presencial";"Ciências Biológicas";"Regular";"NATAL";"";"431";"PROGRAMA DE PÓS-GRADUAÇÃO EM CIÊNCIAS BIOLÓGICAS";"";"Portaria MEC 656, de 22/05/2017. DOU 142, de 26/07/2017, seção 1, págs. 23 a 109";"3"
"91805256";"MESTRADO EM CIÊNCIAS CLIMÁTICAS";"5757536";"WEBER ANDRADE GONCALVES";"ATIVO";"MESTRADO";"";"Presencial";"Ciências Exatas e da Terra";"Anual";"NATAL";"";"5211";"PROGRAMA DE PÓS-GRADUAÇÃO EM CIÊNCIAS CLIMÁTICAS";"";"Portaria MEC 656, de 22/05/2017. DOU 142, de 26/07/2017, seção 1, págs. 23 a 109";"4"
"108416320";"MESTRADO EM CIÊNCIAS CONTÁBEIS";"5752259";"CLAYTON LEVY LIMA DE MELO";"ATIVO";"MESTRADO";"";"Presencial";"Ciências Sociais Aplicadas";"Anual";"NATAL";"";"9066";"PROGRAMA DE PÓS-GRADUAÇÃO EM CIÊNCIAS CONTÁBEIS";"";"143ª Reunião CTC-ES. Publicada no DOU em 19/05/2016, Seção 1, Págs. 09 e 10";"3"
"118768231";"MESTRADO EM CIÊNCIAS DA REABILITAÇÃO";"5758437";"RODRIGO SCATTONE DA SILVA";"ATIVO";"MESTRADO";"";"Presencial";"Ciências da Saúde";"Regular";"SANTA CRUZ";"";"10117";"PROGRAMA DE PÓS-GRADUAÇÃO EM CIÊNCIAS DA REABILITAÇÃO";"";"164ª Reunião do CTC-ES. Parecer CNE/CES nº 619/2016";"3"
"315773";"MESTRADO EM CIÊNCIAS DA SAÚDE";"23487";"ERYVALDO SOCRATES TABOSA DO EGITO";"ATIVO";"MESTRADO";"";"Presencial";"Ciências da Saúde";"Regular";"NATAL";"";"66";"PROGRAMA DE PÓS-GRADUAÇÃO EM CIÊNCIAS DA SAÚDE";"";"Portaria MEC 656, de 22/05/2017. DOU 142, de 26/07/2017, seção 1, págs. 23 a 109";"5"
"315775";"MESTRADO EM CIÊNCIAS FARMACÊUTICAS";"5757897";"MARCELO DE SOUSA DA SILVA";"ATIVO";"MESTRADO";"";"Presencial";"Ciências da Saúde";"Regular";"NATAL";"";"366";"PROGRAMA DE PÓS-GRADUAÇÃO EM CIÊNCIAS FARMACÊUTICAS";"";"Portaria MEC 656, de 22/05/2017. DOU 142, de 26/07/2017, seção 1, págs. 23 a 109";"4"
"90156472";"MESTRADO EM CIÊNCIAS FLORESTAIS";"5752726";"ALEXANDRE SANTOS PIMENTA";"ATIVO";"MESTRADO";"";"Presencial";"Ciências Agrárias";"Regular";"MACAÍBA";"";"6381";"PROGRAMA DE PÓS-GRADUAÇÃO EM CIÊNCIAS FLORESTAIS";"";"Portaria MEC 656, de 22/05/2017. DOU 142, de 26/07/2017, seção 1, págs. 23 a 109";"3"
"130260333";"MESTRADO EM CIÊNCIAS ODONTOLÓGICAS";"21584";"ROSEANA DE ALMEIDA FREITAS";"ATIVO";"MESTRADO";"";"Presencial";"Ciências da Saúde";"Regular";"NATAL";"";"11354";"PROGRAMA DE PÓS-GRADUAÇÃO EM CIÊNCIAS ODONTOLÓGICAS";"";"Portaria MEC 129, de 11/06/2019. DOU 115, de 17/06/2019, seção 1, pág. 19";"4"
"315776";"MESTRADO EM CIÊNCIAS SOCIAIS";"22934";"ORIVALDO PIMENTEL LOPES JUNIOR";"ATIVO";"MESTRADO";"";"Presencial";"Ciências Humanas";"Regular";"NATAL";"";"360";"PROGRAMA DE PÓS-GRADUAÇÃO EM CIÊNCIAS SOCIAIS";"";"Portaria MEC 543, de 15/06/2020. DOU 114, de 17/06/2020, seção 1, pág. 60";"3"
"50798281";"MESTRADO EM DEMOGRAFIA";"5755542";"MARCOS ROBERTO GONZAGA";"ATIVO";"MESTRADO";"";"Presencial";"Ciências Exatas e da Terra";"Regular";"NATAL";"";"5570";"PROGRAMA DE PÓS-GRADUAÇÃO EM DEMOGRAFIA";"";"Portaria MEC 1325, de 21/9/2011, DOU de 22/9/2011, seção 1, pág. 634";"4"
"315781";"MESTRADO EM DESENVOLVIMENTO E MEIO AMBIENTE";"5753557";"CIBELE SOARES PONTES";"ATIVO";"MESTRADO";"";"Presencial";"Outra";"Regular";"NATAL";"";"423";"PROGRAMA REGIONAL DE PÓS-GRADUAÇÃO EM DESENVOLVIMENTO E MEIO AMBIENTE - PRODEMA";"";"Portaria MEC 656, de 22/05/2017. DOU 142, de 26/07/2017, seção 1, págs. 23 a 109";"5"
"315779";"MESTRADO EM DIREITO";"37428";"VLADIMIR DA ROCHA FRANCA";"ATIVO";"MESTRADO";"";"Presencial";"Ciências Sociais Aplicadas";"Regular";"NATAL";"";"404";"PROGRAMA DE PÓS-GRADUAÇÃO EM DIREITO";"";"Portaria MEC 656, de 22/05/2017. DOU 142, de 26/07/2017, seção 1, págs. 23 a 109";"3"
"9513330";"MESTRADO EM ECOLOGIA";"5759416";"JULIANA DEO DIAS";"ATIVO";"MESTRADO";"";"Presencial";"Ciências Biológicas";"Regular";"NATAL";"";"4846";"PROGRAMA DE PÓS-GRADUAÇÃO EM ECOLOGIA";"";"Portaria MEC 656, de 22/05/2017. DOU 142, de 26/07/2017, seção 1, págs. 23 a 109";"6"
"315744";"MESTRADO EM ECONOMIA";"5757210";"IGOR EZIO MACIEL SILVA";"ATIVO";"MESTRADO";"";"Presencial";"Ciências Sociais Aplicadas";"Regular";"NATAL";"";"434";"PROGRAMA DE PÓS-GRADUAÇÃO EM ECONOMIA";"";"Portaria MEC 543, de 15/06/2020. DOU 114, de 17/06/2020, seção 1, pág. 59";"4"
"315745";"MESTRADO EM EDUCAÇÃO";"2298994";"CLAUDIANNY AMORIM NORONHA";"ATIVO";"MESTRADO";"";"Presencial";"Ciências Humanas";"Regular";"NATAL";"";"363";"PROGRAMA DE PÓS-GRADUAÇÃO EM EDUCAÇÃO";"";"Portaria MEC 656, de 22/05/2017. DOU 142, de 26/07/2017, seção 1, págs. 23 a 109";"5"
"50980468";"MESTRADO EM EDUCAÇÃO FÍSICA";"5755812";"ARNALDO LUIS MORTATTI";"ATIVO";"MESTRADO";"";"Presencial";"Ciências da Saúde";"Regular";"NATAL";"";"5591";"PROGRAMA DE PÓS-GRADUAÇÃO EM EDUCAÇÃO FÍSICA";"";"Portaria MEC 656, de 22/05/2017. DOU 142, de 26/07/2017, seção 1, págs. 23 a 109";"3"
"315747";"MESTRADO EM ENFERMAGEM";"5754604";"ALEXSANDRA RODRIGUES FEIJAO";"ATIVO";"MESTRADO";"";"Presencial";"Ciências da Saúde";"Regular";"NATAL";"";"412";"PROGRAMA DE PÓS-GRADUAÇÃO EM ENFERMAGEM";"";"Portaria MEC 656, de 22/05/2017. DOU 142, de 26/07/2017, seção 1, págs. 23 a 109";"4"
"9300330";"MESTRADO EM ENGENHARIA CIVIL";"5757819";"OSVALDO DE FREITAS NETO";"ATIVO";"MESTRADO";"";"Presencial";"Engenharias";"Regular";"NATAL";"";"4845";"PROGRAMA DE PÓS-GRADUAÇÃO EM ENGENHARIA CIVIL";"";"Portaria MEC 656, de 22/05/2017. DOU 142, de 26/07/2017, seção 1, págs. 23 a 109";"3"
"315748";"MESTRADO EM ENGENHARIA DE PRODUÇÃO";"5753407";"MARIANA RODRIGUES DE ALMEIDA";"ATIVO";"MESTRADO";"";"Presencial";"Engenharias";"Regular";"NATAL";"";"105";"PROGRAMA DE PÓS-GRADUAÇÃO EM ENGENHARIA DE PRODUÇÃO";"";"Portaria MEC 656, de 22/05/2017. DOU 142, de 26/07/2017, seção 1, págs. 23 a 109";"3"
"134097165";"MESTRADO EM ENGENHARIA E CIÊNCIAS AEROESPACIAIS";"5753754";"JOSE HENRIQUE FERNANDEZ";"ATIVO";"MESTRADO";"";"Presencial";"Engenharias";"Regular";"NATAL";"";"30029";"PROGRAMA DE PÓS-GRADUAÇÃO EM ENGENHARIA AEROESPACIAL";"";"182ª Reunião do CTC-ES. Parecer CNE/CES nº 773/2019";"4"
"315749";"MESTRADO EM ENGENHARIA ELÉTRICA E DE COMPUTAÇÃO";"5753848";"MARCELO AUGUSTO COSTA FERNANDES";"ATIVO";"MESTRADO";"";"Presencial";"Engenharias";"Regular";"NATAL";"";"103";"PROGRAMA DE PÓS-GRADUAÇÃO EM ENGENHARIA ELÉTRICA E DE COMPUTAÇÃO";"";"Portaria MEC 656, de 22/05/2017. DOU 142, de 26/07/2017, seção 1, págs. 23 a 109";"5"
"315751";"MESTRADO EM ENGENHARIA MECÂNICA";"2261705";"RAIMUNDO CARLOS SILVERIO FREIRE JUNIOR";"ATIVO";"MESTRADO";"";"Presencial";"Engenharias";"Regular";"NATAL";"";"104";"PROGRAMA DE PÓS-GRADUAÇÃO EM ENGENHARIA MECÂNICA";"";"Portaria MEC 656, de 22/05/2017. DOU 142, de 26/07/2017, seção 1, págs. 23 a 109";"3"
"101050293";"MESTRADO EM ENGENHARIA MECATRÔNICA";"23956";"PABLO JAVIER ALSINA";"ATIVO";"MESTRADO";"";"Presencial";"Engenharias";"Regular";"NATAL";"";"8086";"PROGRAMA DE PÓS-GRADUAÇÃO EM ENGENHARIA MECATRÔNICA";"";"149ª Reunião do CTC-ES. Parecer CNE/CES nº 58/2014";"3"
"315753";"MESTRADO EM ENGENHARIA QUÍMICA";"5757893";"ELISAMA VIEIRA DOS SANTOS";"ATIVO";"MESTRADO";"";"Presencial";"Engenharias";"Regular";"NATAL";"";"106";"PROGRAMA DE PÓS-GRADUAÇÃO EM ENGENHARIA QUÍMICA";"";"Portaria MEC 656, de 22/05/2017. DOU 142, de 26/07/2017, seção 1, págs. 23 a 109";"5"
"315755";"MESTRADO EM ENGENHARIA SANITÁRIA E AMBIENTAL";"5753343";"VANESSA BECKER";"ATIVO";"MESTRADO";"";"Presencial";"Engenharias";"Regular";"NATAL";"";"107";"PROGRAMA DE PÓS-GRADUAÇÃO EM ENGENHARIA SANITÁRIA E AMBIENTAL";"";"Portaria MEC 656, de 22/05/2017. DOU 142, de 26/07/2017, seção 1, págs. 23 a 109";"3"
"121507754";"MESTRADO EM ENGENHARIA TÊXTIL";"63227";"JOSE IVAN DE MEDEIROS";"ATIVO";"MESTRADO";"";"Presencial";"Engenharias";"Regular";"NATAL";"";"10480";"PROGRAMA DE PÓS-GRADUAÇÃO EM ENGENHARIA TÊXTIL";"";"168ª Reunião do CTC-ES, de 21 a 25/11/2016. Parecer CNE/CES 185/2017";"3"
"123079207";"MESTRADO EM ENSINO DE CIÊNCIAS E MATEMÁTICA";"5753596";"JOSIVANIA MARISA DANTAS";"ATIVO";"MESTRADO";"";"Presencial";"Outra";"Regular";"NATAL";"";"9111";"PROGRAMA DE PÓS-GRADUAÇÃO EM ENSINO DE CIÊNCIAS E MATEMÁTICA";"";"143ª Reunião CTC-ES. Publicada no DOU em 19/05/2016, Seção 1, Págs. 09 e 10";"4"
"315757";"MESTRADO EM ESTUDOS DA LINGUAGEM";"";"";"ATIVO";"MESTRADO";"";"Presencial";"Linguística, Letras e Artes";"Regular";"NATAL";"";"65";"PROGRAMA DE PÓS-GRADUAÇÃO EM ESTUDOS DA LINGUAGEM";"";"Portaria MEC 656, de 22/05/2017. DOU 142, de 26/07/2017, seção 1, págs. 23 a 109";"5"
"11519550";"MESTRADO EM ESTUDOS DA MÍDIA";"5757573";"LUCIANA MIRANDA COSTA";"ATIVO";"MESTRADO";"";"Presencial";"Ciências Sociais Aplicadas";"Regular";"NATAL";"";"4893";"PROGRAMA DE PÓS-GRADUAÇÃO EM ESTUDOS DA MÍDIA";"";"Portaria MEC 656, de 22/05/2017. DOU 142, de 26/07/2017, seção 1, págs. 23 a 109";"4"
"19106930";"MESTRADO EM ESTUDOS URBANOS E REGIONAIS";"5758689";"SARA RAQUEL FERNANDES QUEIROZ DE MEDEIROS";"ATIVO";"MESTRADO";"";"Presencial";"Ciências Humanas";"Regular";"NATAL";"";"5254";"PROGRAMA DE PÓS-GRADUAÇÃO EM ESTUDOS URBANOS E REGIONAIS";"";"Portaria MEC 1045, de 18/08/2010, DOU de 19/08/2010, seção 1, pág 10";"4"
"315759";"MESTRADO EM FILOSOFIA";"5752753";"EDUARDO ANIBAL PELLEJERO";"ATIVO";"MESTRADO";"";"Presencial";"Ciências Humanas";"Regular";"NATAL";"";"364";"PROGRAMA DE PÓS-GRADUAÇÃO EM FILOSOFIA";"";"Portaria MEC 656, de 22/05/2017. DOU 142, de 26/07/2017, seção 1, págs. 23 a 109";"4"
"315727";"MESTRADO EM FÍSICA";"5752721";"FELIPE BOHN";"ATIVO";"MESTRADO";"";"Presencial";"Ciências Exatas e da Terra";"Regular";"NATAL";"";"388";"PROGRAMA DE PÓS-GRADUAÇÃO EM FÍSICA";"";"Portaria MEC 656, de 22/05/2017. DOU 142, de 26/07/2017, seção 1, págs. 23 a 109";"5"
"315789";"MESTRADO EM FISIOTERAPIA";"3020005";"FABRICIA AZEVEDO DA COSTA CAVALCANTI";"ATIVO";"MESTRADO";"";"Presencial";"Ciências da Saúde";"Regular";"NATAL";"";"4072";"PROGRAMA DE PÓS-GRADUAÇÃO EM FISIOTERAPIA";"";"Portaria MEC 656, de 22/05/2017. DOU 142, de 26/07/2017, seção 1, págs. 23 a 109";"4"
"121804772";"MESTRADO EM FONOAUDIOLOGIA";"5756853";"CINTIA ALVES SALGADO AZONI";"ATIVO";"MESTRADO";"";"Presencial";"Ciências da Saúde";"Semestral";"NATAL";"";"10490";"PROGRAMA DE PÓS-GRADUAÇÃO EM FONOAUDIOLOGIA";"";"Parecer nº 182/2017, de 05/04/2017. Portaria n.º 1.359, DOU de 19/12/2018, seção 1, pág. 46";"3"
"315761";"MESTRADO EM GEODINÂMICA E GEOFÍSICA";"5755867";"FREDERICO CASTRO JOBIM VILALVA";"ATIVO";"MESTRADO";"";"Presencial";"Outra";"Regular";"NATAL";"";"325";"PROGRAMA DE PÓS-GRADUAÇÃO EM GEODINÂMICA E GEOFÍSICA";"";"Portaria MEC 656, de 22/05/2017. DOU 142, de 26/07/2017, seção 1, págs. 23 a 109";"5"
"315731";"MESTRADO EM GEOGRAFIA";"5758430";"RODRIGO DE FREITAS AMORIM";"ATIVO";"MESTRADO";"";"Presencial";"Ciências Humanas";"Regular";"NATAL";"";"315";"PROGRAMA DE PÓS-GRADUAÇÃO EM GEOGRAFIA";"";"Portaria MEC 656, de 22/05/2017. DOU 142, de 26/07/2017, seção 1, págs. 23 a 109";"5"
"134098682";"MESTRADO EM GEOGRAFIA - CERES";"5753688";"MARCO TULIO MENDONCA DINIZ";"ATIVO";"MESTRADO";"";"Presencial";"Ciências Humanas";"Regular";"CAICÓ";"";"30030";"PROGRAMA DE PÓS-GRADUAÇÃO EM GEOGRAFIA - CERES";"";"182ª Reunião do CTC-ES. Parecer CNE/CES nº 773/2019";"4"
"315780";"MESTRADO EM HISTÓRIA";"5752300";"CARMEN MARGARIDA OLIVEIRA ALVEAL";"ATIVO";"MESTRADO";"";"Presencial";"Ciências Humanas";"Regular";"NATAL";"";"435";"PROGRAMA DE PÓS-GRADUAÇÃO EM HISTÓRIA";"";"Parecer n.º 943/2019. 180ª Reunião do CTC-ES, de 17 a 19/10/2018. DOU 226, de 22/11/2019";"4"
"133255800";"MESTRADO EM HISTÓRIA / CERES";"5758354";"ABRAHAO SANDERSON NUNES FERNANDES DA SILVA";"ATIVO";"MESTRADO";"";"Presencial";"Ciências Humanas";"Regular";"CAICÓ";"";"11655";"PROGRAMA DE PÓS-GRADUAÇÃO EM HISTÓRIA/CERES";"";"";""
"315785";"MESTRADO EM MATEMÁTICA APLICADA E ESTATÍSTICA";"23849";"CARLA ALMEIDA VIVACQUA";"ATIVO";"MESTRADO";"";"Presencial";"Ciências Exatas e da Terra";"Regular";"NATAL";"";"2595";"PROGRAMA DE PÓS-GRADUAÇÃO EM MATEMÁTICA APLICADA E ESTATÍSTICA";"";"Portaria MEC 656, de 22/05/2017. DOU 142, de 26/07/2017, seção 1, págs. 23 a 109";"3"
"95868917";"MESTRADO EM MÚSICA";"5751745";"RADEGUNDIS ARANHA TAVARES FEITOSA";"ATIVO";"MESTRADO";"";"Presencial";"Linguística, Letras e Artes";"Anual";"NATAL";"";"7261";"PROGRAMA DE PÓS-GRADUAÇÃO EM MÚSICA";"";"Portaria MEC 821, publicada no DOU de 5/9/2013, Seção 1, Pág. 26. Parecer CNE/CES 45/2013.";"3"
"17565630";"MESTRADO EM NEUROCIÊNCIAS";"5753713";"RODRIGO NEVES ROMCY PEREIRA";"ATIVO";"MESTRADO";"";"Presencial";"Ciências Biológicas";"Regular";"NATAL";"";"5207";"PROGRAMA DE PÓS-GRADUAÇÃO EM NEUROCIÊNCIAS";"";"Portaria MEC 656, de 22/05/2017. DOU 142, de 26/07/2017, seção 1, págs. 23 a 109";"4"
"103197769";"MESTRADO EM NUTRIÇÃO";"25924";"CLELIA DE OLIVEIRA LYRA";"ATIVO";"MESTRADO";"";"Presencial";"Ciências da Saúde";"Regular";"NATAL";"";"8191";"PROGRAMA DE PÓS-GRADUAÇÃO EM NUTRIÇÃO";"";"Portaria MEC nº 794, de 11/09/2014. Reunião Extra do CTC-ES, Parecer CNE/CES nº 154/2014";"3"
"315733";"MESTRADO EM PATOLOGIA ORAL";"";"";"ATIVO";"MESTRADO";"";"Presencial";"Ciências da Saúde";"Regular";"NATAL";"";"1760";"PROGRAMA DE PÓS-GRADUAÇÃO EM PATOLOGIA ORAL";"";"Portaria MEC 656, de 22/05/2017. DOU 142, de 26/07/2017, seção 1, págs. 23 a 109";"4"
"9300590";"MESTRADO EM PRODUÇÃO ANIMAL";"";"";"ATIVO";"MESTRADO";"";"Presencial";"Ciências Agrárias";"Regular";"NATAL";"";"4848";"PROGRAMA DE PÓS-GRADUAÇÃO EM PRODUÇÃO ANIMAL";"";"Portaria MEC 656, de 22/05/2017. DOU 142, de 26/07/2017, seção 1, págs. 23 a 109";"3"
"315735";"MESTRADO EM PSICOBIOLOGIA";"5756814";"ROVENA CLARA GALVAO JANUARIO ENGELBERTH";"ATIVO";"MESTRADO";"";"Presencial";"Ciências Biológicas";"Regular";"NATAL";"";"367";"PROGRAMA DE PÓS-GRADUAÇÃO EM PSICOBIOLOGIA";"";"Portaria MEC 656, de 22/05/2017. DOU 142, de 26/07/2017, seção 1, págs. 23 a 109";"6"
"315737";"MESTRADO EM PSICOLOGIA";"23731";"ISABEL MARIA FARIAS FERNANDES DE OLIVEIRA";"ATIVO";"MESTRADO";"";"Presencial";"Ciências Humanas";"Regular";"NATAL";"";"64";"PROGRAMA DE PÓS-GRADUAÇÃO EM PSICOLOGIA";"";"Portaria MEC 656, de 22/05/2017. DOU 142, de 26/07/2017, seção 1, págs. 23 a 109";"5"
"315739";"MESTRADO EM QUÍMICA";"20873";"DULCE MARIA DE ARAUJO MELO";"ATIVO";"MESTRADO";"";"Presencial";"Ciências Exatas e da Terra";"Regular";"NATAL";"";"85";"PROGRAMA DE PÓS-GRADUAÇÃO EM QUÍMICA";"";"Portaria MEC 656, de 22/05/2017. DOU 142, de 26/07/2017, seção 1, págs. 23 a 109";"4"
"84739860";"MESTRADO EM SAÚDE COLETIVA";"22912";"ANGELO GIUSEPPE RONCALLI DA COSTA OLIVEIRA";"ATIVO";"MESTRADO";"";"Presencial";"Ciências da Saúde";"Anual";"NATAL";"";"5670";"PROGRAMA DE PÓS-GRADUAÇÃO EM SAÚDE COLETIVA";"";"Portaria MEC 656, de 22/05/2017. DOU 142, de 26/07/2017, seção 1, págs. 23 a 109";"4"
"115830568";"MESTRADO EM SAÚDE COLETIVA - FACISA";"5756749";"NUBIA MARIA FREIRE VIEIRA LIMA";"ATIVO";"MESTRADO";"";"Presencial";"Ciências da Saúde";"Regular";"SANTA CRUZ";"";"9816";"PROGRAMA DE PÓS-GRADUAÇÃO EM SAÚDE COLETIVA - FACISA";"";"161ª Reunião do CTC-ES da CAPES, de 11 a 17 de dezembro de 2015";"3"
"315741";"MESTRADO EM SERVIÇO SOCIAL";"5757812";"HENRIQUE ANDRE RAMOS WELLEN";"ATIVO";"MESTRADO";"";"Presencial";"Ciências Sociais Aplicadas";"Regular";"NATAL";"";"376";"PROGRAMA DE PÓS-GRADUAÇÃO EM SERVIÇO SOCIAL";"";"Portaria MEC 656, de 22/05/2017. DOU 142, de 26/07/2017, seção 1, págs. 23 a 109";"4"
"315742";"MESTRADO EM SISTEMAS E COMPUTAÇÃO";"24853";"ANNE MAGALY DE PAULA CANUTO";"ATIVO";"MESTRADO";"";"Presencial";"Ciências Exatas e da Terra";"Regular";"NATAL";"";"73";"PROGRAMA DE PÓS-GRADUAÇÃO EM SISTEMAS E COMPUTAÇÃO";"";"Portaria MEC 656, de 22/05/2017. DOU 142, de 26/07/2017, seção 1, págs. 23 a 109";"5"
"50839645";"MESTRADO EM SISTEMÁTICA E EVOLUÇÃO";"5754273";"SERGIO MAIA QUEIROZ LIMA";"ATIVO";"MESTRADO";"";"Presencial";"Ciências Biológicas";"Regular";"NATAL";"";"5579";"PROGRAMA DE PÓS-GRADUAÇÃO EM SISTEMÁTICA E EVOLUÇÃO";"";"Portaria MEC 656, de 22/05/2017. DOU 142, de 26/07/2017, seção 1, págs. 23 a 109";"4"
"507421";"MESTRADO EM TURISMO";"5753610";"LEILIANNE MICHELLE TRINDADE DA SILVA BARRETO";"ATIVO";"MESTRADO";"";"Presencial";"Ciências Sociais Aplicadas";"Regular";"NATAL";"";"4295";"PROGRAMA DE PÓS-GRADUAÇÃO EM TURISMO";"";"Portaria MEC 656, de 22/05/2017. DOU 142, de 26/07/2017, seção 1, págs. 23 a 109";"4"
"91477182";"MESTRADO PROFISSIONAL EM ARQUITETURA, PROJETO E MEIO AMBIENTE";"5758399";"HEITOR DE ANDRADE SILVA";"ATIVO";"MESTRADO";"";"Presencial";"Ciências Sociais Aplicadas";"Regular";"NATAL";"";"6967";"PROGRAMA DE PÓS-GRADUAÇÃO EM ARQUITETURA, PROJETO E MEIO AMBIENTE";"";"Portaria MEC 656, de 22/05/2017. DOU 142, de 26/07/2017, seção 1, págs. 23 a 109";"4"
"106146377";"MESTRADO PROFISSIONAL EM ARTES - PROFARTES";"5758028";"ARLETE DOS SANTOS PETRY";"ATIVO";"MESTRADO";"";"Presencial";"Linguística, Letras e Artes";"Regular";"NATAL";"";"8871";"PROGRAMA DE PÓS-GRADUAÇÃO EM ARTES - REDE NACIONAL";"";"Portaria MEC n.º 609, de 14/03/2019. Publicada no DOU n.º 52, de 18/03/2019, Seção 1, pág. 63";"4"
"108846991";"MESTRADO PROFISSIONAL EM CIÊNCIA, TECNOLOGIA E INOVAÇÃO";"5753039";"ZULMARA VIRGINIA DE CARVALHO";"ATIVO";"MESTRADO";"";"Presencial";"Outra";"Regular";"NATAL";"";"9109";"PROGRAMA DE PÓS-GRADUAÇÃO EM CIÊNCIA, TECNOLOGIA E INOVAÇÃO";"";"143ª Reunião CTC-ES. Publicada no DOU em 19/05/2016, Seção 1, Pág. 9 e 10";"2"
"91346221";"MESTRADO PROFISSIONAL EM DESIGN";"5753663";"JOSE GUILHERME DA SILVA SANTA ROSA";"ATIVO";"MESTRADO";"";"Presencial";"Linguística, Letras e Artes";"Regular";"NATAL";"";"6968";"PROGRAMA DE PÓS-GRADUAÇÃO EM DESIGN";"";"Portaria MEC 656, de 22/05/2017. DOU 142, de 26/07/2017, seção 1, págs. 23 a 109";"4"
"140178590";"MESTRADO PROFISSIONAL EM EDUCAÇÃO ESPECIAL";"2262069";"DEBORA REGINA DE PAULA NUNES";"ATIVO";"MESTRADO";"";"Presencial";"Ciências Humanas";"Regular";"NATAL";"";"30546";"PROGRAMA DE PÓS-GRADUAÇÃO EM EDUCAÇÃO ESPECIAL";"";"Portaria MEC 540, de 15/06/2020. DOU 114, de 17/06/2020, seção 1, pág. 57";"3"
"117880399";"MESTRADO PROFISSIONAL EM EDUCAÇÃO FÍSICA EM REDE NACIONAL";"5752674";"ANTONIO DE PADUA DOS SANTOS";"ATIVO";"MESTRADO";"";"Presencial";"Ciências da Saúde";"Regular";"NATAL";"";"10050";"PROGRAMA DE PÓS-GRADUAÇÃO EM EDUCAÇÃO FÍSICA EM REDE NACIONAL";"";"160ª Reunião do CTC-ES. Parecer CNE/CES n.º 102/2016.";"3"
"119342264";"MESTRADO PROFISSIONAL EM EDUCAÇÃO, TRABALHO E INOVAÇÃO EM MEDICINA";"5756259";"LILIANE PEREIRA BRAGA";"ATIVO";"MESTRADO";"";"Presencial";"Ciências da Saúde";"Regular";"CAICÓ";"";"10129";"PROGRAMA DE PÓS-GRADUAÇÃO EM EDUCAÇÃO, TRABALHO E INOVAÇÃO EM MEDICINA";"";"Parecer CNE/CES n.º 619/2016. Referente a 164ª Reunião do CTC-ES, 30/06/2016";"3"
"96067713";"MESTRADO PROFISSIONAL EM ENERGIA ELÉTRICA";"5753408";"CRISLUCI KARINA SOUZA SANTOS CANDIDO";"ATIVO";"MESTRADO";"";"Presencial";"Engenharias";"Regular";"NATAL";"";"7268";"PROGRAMA DE PÓS-GRADUAÇÃO EM ENERGIA ELÉTRICA";"";"Portaria MEC 1.009, DOU de 11/10/2013, seção 1, pág 13)";"3"
"315756";"MESTRADO PROFISSIONAL EM ENSINO DE CIÊNCIAS NATURAIS E MATEMÁTICA";"5752764";"Fernanda Marur Mazze";"ATIVO";"MESTRADO";"";"Presencial";"Ciências Exatas e da Terra";"Regular";"NATAL";"";"134";"PROGRAMA DE PÓS-GRADUAÇÃO EM ENSINO DE CIÊNCIAS NATURAIS E MATEMÁTICA";"";"Portaria MEC 656, de 22/05/2017. DOU 142, de 26/07/2017, seção 1, págs. 23 a 109";"4"
"114941932";"MESTRADO PROFISSIONAL EM ENSINO DE FÍSICA EM REDE NACIONAL";"5759223";"ALEXSANDRO PEREIRA LIMA";"ATIVO";"MESTRADO";"";"Presencial";"Ciências Exatas e da Terra";"Regular";"NATAL";"";"9742";"PROGRAMA DE PÓS-GRADUAÇÃO EM ENSINO DE FÍSICA - REDE NACIONAL";"";"143ª Reunião do CTC-ES. Parecer CNE/CES n.º 135/2015";"4"
"113759737";"MESTRADO PROFISSIONAL EM ENSINO DE HISTÓRIA - PROFHISTORIA";"26133";"ROBERTO AIRON SILVA";"ATIVO";"MESTRADO";"";"Presencial";"Ciências Humanas";"Regular";"NATAL";"";"9395";"PROGRAMA DE PÓS-GRADUAÇÃO EM ENSINO DE HISTÓRIA - REDE NACIONAL";"";"148ª Reunião do CTC-ES. Parecer CNE/CES n.º 23/2014";"4"
"96067701";"MESTRADO PROFISSIONAL EM ENSINO NA SAÚDE";"25946";"MARIA JOSE PEREIRA VILAR";"ATIVO";"MESTRADO";"";"Presencial";"Ciências da Saúde";"Regular";"NATAL";"";"7267";"PROGRAMA DE PÓS-GRADUAÇÃO EM ENSINO NA SAÚDE";"";"Portaria MEC 601, de 9/7/2013, DOU de 10/7/2013, seção 1, pág.19";"3"
"108847073";"MESTRADO PROFISSIONAL EM GEOGRAFIA";"21947";"TANIA CRISTINA MEIRA GARCIA";"ATIVO";"MESTRADO";"";"Presencial";"Ciências Humanas";"Regular";"CAICÓ";"";"9110";"PROGRAMA DE PÓS-GRADUAÇÃO EM GEOGRAFIA - GEOPROF - CERES";"";"Portaria MEC n.º 31. D.O.U. de 28/01/2016, seção 1, pág. 19";"3"
"113140463";"MESTRADO PROFISSIONAL EM GESTÃO DA INFORMAÇÃO E DO CONHECIMENTO";"5756357";"PEDRO ALVES BARBOSA NETO";"ATIVO";"MESTRADO";"";"Presencial";"Ciências Sociais Aplicadas";"Regular";"NATAL";"";"9196";"PROGRAMA DE PÓS-GRADUAÇÃO EM GESTÃO DA INFORMAÇÃO E DO CONHECIMENTO";"";"Parecer CNE/CES n.º 561/2015. Publicado no DOU de 9/5/2016, seção 1, pág 25";"3"
"101050603";"MESTRADO PROFISSIONAL EM GESTÃO DA QUALIDADE EM SERVIÇOS DE SAÚDE";"5752023";"THAIZA TEIXEIRA XAVIER NOBRE";"ATIVO";"MESTRADO";"";"Semi-Presencial";"Ciências da Saúde";"Regular";"NATAL";"";"8084";"PROGRAMA DE PÓS-GRADUAÇÃO EM GESTÃO DA QUALIDADE EM SERVIÇOS DE SAÚDE";"";"149ª Reunião do CTC-ES, Parecer CNE/CES nº 58/2014";"3"
"97339504";"MESTRADO PROFISSIONAL EM GESTÃO DE PROCESSOS INSTITUCIONAIS";"5753036";"PATRICIA BORBA VILAR GUIMARAES";"ATIVO";"MESTRADO";"";"Presencial";"Ciências Humanas";"Regular";"NATAL";"";"7513";"PROGRAMA DE PÓS-GRADUAÇÃO EM GESTÃO DE PROCESSOS INSTITUCIONAIS";"";"139ª Reunião do CTC-ES. Parecer CNE/CES nº 250/2014";"3"
"121508483";"MESTRADO PROFISSIONAL EM GESTÃO E INOVAÇÃO EM SAÚDE";"5757439";"JOSE ADAILTON DA SILVA";"ATIVO";"MESTRADO";"";"Presencial";"Ciências da Saúde";"Regular";"NATAL";"";"10482";"PROGRAMA DE PÓS-GRADUAÇÃO EM GESTÃO E INOVAÇÃO EM SAÚDE";"";"168ª Reunião do CTC-ES, de 21 a 25/11/2016. Parecer CNE/CES 185/2017";"4"
"84798578";"MESTRADO PROFISSIONAL EM GESTÃO PÚBLICA";"5753860";"MARIA TERESA PIRES COSTA";"ATIVO";"MESTRADO";"";"Presencial";"Ciências Sociais Aplicadas";"Regular";"NATAL";"";"5679";"PROGRAMA DE PÓS-GRADUAÇÃO EM GESTÃO PÚBLICA";"";"Portaria MEC 656, de 22/05/2017. DOU 142, de 26/07/2017, seção 1, págs. 23 a 109";"4"
"133255820";"MESTRADO PROFISSIONAL EM GESTÃO, TRABALHO, EDUCAÇÃO E SAÚDE";"5752206";"JANETE LIMA DE CASTRO";"ATIVO";"MESTRADO";"";"Presencial";"Ciências da Saúde";"Regular";"NATAL";"";"11656";"PROGRAMA DE PÓS-GRADUAÇÃO EM GESTÃO, TRABALHO, EDUCAÇÃO E SAÚDE";"";"Portaria MEC. Publicada no Diário Oficial da União n.º 219, de 12/11/2019, seção 1, pág. 340";"3"
"121508460";"MESTRADO PROFISSIONAL EM INOVAÇÃO EM TECNOLOGIAS EDUCACIONAIS";"5756386";"CHARLES ANDRYE GALVAO MADEIRA";"ATIVO";"MESTRADO";"";"Presencial";"Outra";"Regular";"NATAL";"";"10481";"PROGRAMA DE PÓS-GRADUAÇÃO EM INOVAÇÃO EM TECNOLOGIAS EDUCACIONAIS";"";"Parecer n.º 145/2017, de 08/05/2017. Publicado no DOU em 09/05/2017, Seção 1, pág. 16.";"3"
"98199604";"MESTRADO PROFISSIONAL EM LETRAS";"5752838";"GIANKA SALUSTIANO BEZERRIL DE BASTOS GOMES";"ATIVO";"MESTRADO";"";"Presencial";"Linguística, Letras e Artes";"Regular";"CURRAIS NOVOS";"";"7763";"PROGRAMA DE PÓS-GRADUAÇÃO EM LETRAS - PROFLETRAS CURRAIS NOVOS";"";"Portaria MEC nº 1009, DOU de 11/10/13, seção 1, pág. 13";"4"
"98200045";"MESTRADO PROFISSIONAL EM LETRAS";"5752232";"GLICIA MARILI AZEVEDO DE MEDEIROS TINOCO";"ATIVO";"MESTRADO";"";"Presencial";"Linguística, Letras e Artes";"Regular";"NATAL";"";"7762";"PROGRAMA DE PÓS-GRADUAÇÃO EM LETRAS - PROFLETRAS NATAL";"";"Portaria MEC nº 1009, DOU de 11/10/13, seção 1, pág. 13";"4"
"84739892";"MESTRADO PROFISSIONAL EM MATEMÁTICA EM REDE NACIONAL";"3375074";"DEBORA BORGES FERREIRA";"ATIVO";"MESTRADO";"";"Presencial";"Ciências Exatas e da Terra";"Regular";"NATAL";"";"5671";"PROGRAMA DE PÓS-GRADUAÇÃO EM MATEMÁTICA - REDE NACIONAL";"";"Portaria MEC 1325, de 21/9/2011. DOU de 22/9/2011, seção 1, pág. 634";"5"
"121875454";"MESTRADO PROFISSIONAL EM PRÁTICAS DE SAÚDE E EDUCAÇÃO";"5751598";"JACILEIDE GUIMARAES";"ATIVO";"MESTRADO";"";"Presencial";"Ciências da Saúde";"Semestral";"NATAL";"";"10489";"PROGRAMA DE PÓS-GRADUAÇÃO EM SAÚDE E SOCIEDADE";"";"Portaria MEC 1359, de 18/12/2018. DOU de 19/12/2018, seção 1, pág. 46";"3"
"114310260";"MESTRADO PROFISSIONAL EM QUÍMICA - PROFQUI";"24337";"MARCIA TEIXEIRA BARROSO";"ATIVO";"MESTRADO";"";"Semi-Presencial";"Ciências Exatas e da Terra";"Anual";"NATAL";"";"9493";"PROGRAMA DE PÓS-GRADUAÇÃO EM QUÍMICA - REDE NACIONAL";"";"157ª Reunião do CTC-ES";"4"
"88211810";"MESTRADO PROFISSIONAL EM SAÚDE DA FAMÍLIA";"5752470";"KARLA PATRICIA CARDOSO AMORIM";"ATIVO";"MESTRADO";"";"Presencial";"Ciências da Saúde";"Regular";"NATAL";"";"6135";"PROGRAMA DE PÓS-GRADUAÇÃO EM SAÚDE DA FAMÍLIA NO NORDESTE";"";"Portaria MEC 540, de 15/06/2020. DOU 114, de 17/06/2020, seção 1, pág. 57";"4"
"100181629";"MESTRADO PROFISSIONAL EM TECNOLOGIA DA INFORMAÇÃO";"5757883";"EIJI ADACHI MEDEIROS BARBOSA";"ATIVO";"MESTRADO";"";"Presencial";"Engenharias";"Regular";"NATAL";"";"7872";"PROGRAMA DE PÓS-GRADUAÇÃO EM TECNOLOGIA DA INFORMAÇÃO";"";"147ª Reunião CTC-ES. Parecer CNE/CES nº 55/2015, de 29/01/2015";"3"
"134682488";"PRINT/UFRN";"24852";"RUBENS MARIBONDO DO NASCIMENTO";"ATIVO";"DOUTORADO";"";"Presencial";"Outra";"Regular";"NATAL";"";"30040";"PRÓ-REITORIA DE PÓS-GRADUAÇÃO - PRINT";"";"";""
"133081614";"PROFLETRAS COORDENAÇÃO NACIONAL";"";"";"ATIVO";"MESTRADO";"";"Presencial";"Linguística, Letras e Artes";"Regular";"NATAL";"";"11619";"PROFLETRAS - COORDENAÇÃO NACIONAL - MESTRADO";"";"";""
"904141";"PROJETO 1";"";"";"ATIVO";"LATO SENSU";"";"Presencial";"";"";"NATAL";"";"144";"DEPARTAMENTO DE ANTROPOLOGIA";"";"";""
"90609271";"PRÓ-REITORIA DE PÓS-GRADUAÇÃO";"";"";"ATIVO";"MESTRADO";"";"Presencial";"Outra";"Regular";"NATAL";"";"1483";"PRÓ-REITORIA DE PÓS GRADUAÇÃO";"";"";""
"906781";"V CURSO DE ESPECIALIZAÇÃO EM SAÚDE DA FAMILIA";"";"";"ATIVO";"LATO SENSU";"";"Presencial";"";"";"NATAL";"";"193";"DEPARTAMENTO DE PEDIATRIA";"";"";""
